"동별(1)",동별(2),동별(3),2011,2012,2013,2014,2015,2016,2017,2018,2019,2020,2021,2022
"동별(1)",동별(2),동별(3),혼인,혼인,혼인,혼인,혼인,혼인,혼인,혼인,혼인,혼인,혼인,혼인
"합계",종로구,소계,1062,1000,877,840,806,760,700,676,590,565,478,486
"합계",종로구,사직동,77,69,53,59,69,40,43,40,35,40,42,43
"합계",종로구,삼청동,23,16,14,21,14,19,16,11,18,22,11,11
"합계",종로구,부암동,57,61,68,37,51,45,34,38,34,34,35,32
"합계",종로구,평창동,100,82,87,93,73,88,61,69,63,58,46,43
"합계",종로구,무악동,39,41,44,26,33,30,24,24,18,18,17,12
"합계",종로구,교남동,54,47,28,27,24,24,63,68,55,47,35,30
"합계",종로구,가회동,26,36,29,42,20,25,20,15,18,11,9,12
"합계",종로구,종로1.2.3.4가동,58,56,54,39,35,35,36,35,25,36,28,18
"합계",종로구,종로5.6가동,40,33,26,29,29,21,20,22,19,23,16,21
"합계",종로구,이화동,72,69,73,59,51,66,56,49,35,32,35,28
"합계",종로구,명륜3가동,37,-,-,-,-,-,-,-,-,-,-,-
"합계",종로구,창신1동,99,105,78,98,83,66,46,28,15,23,20,22
"합계",종로구,창신2동,36,32,14,18,26,43,35,29,26,37,21,31
"합계",종로구,창신3동,36,17,25,18,27,23,35,39,30,31,30,32
"합계",종로구,숭인1동,110,103,95,87,70,54,60,50,37,30,18,23
"합계",종로구,숭인2동,32,26,20,11,34,39,40,52,50,34,38,45
"합계",종로구,청운효자동,76,94,66,91,74,63,51,43,50,38,31,35
"합계",종로구,혜화동,90,113,103,85,93,79,60,64,62,51,46,48
"합계",중구,소계,920,1029,860,851,916,799,792,778,722,653,590,511
"합계",중구,소공동,18,17,19,11,14,19,22,20,20,15,11,12
"합계",중구,회현동,33,42,40,29,40,21,29,17,16,18,15,11
"합계",중구,명동,13,25,11,19,12,14,12,15,7,8,6,8
"합계",중구,필동,42,41,43,44,47,45,23,28,18,23,17,13
"합계",중구,장충동,37,31,28,32,26,20,23,26,18,11,21,14
"합계",중구,광희동,30,29,18,12,31,17,18,26,26,29,35,32
"합계",중구,을지로동,13,11,11,8,15,12,6,5,13,13,12,13
"합계",중구,신당1동,262,352,-,-,-,-,-,-,-,-,-,-
"합계",중구,신당2동,111,78,-,-,-,-,-,-,-,-,-,-
"합계",중구,신당3동,80,71,-,-,-,-,-,-,-,-,-,-
"합계",중구,신당4동,30,43,-,-,-,-,-,-,-,-,-,-
"합계",중구,신당5동,20,38,158,224,351,245,78,52,83,75,45,37
"합계",중구,신당6동,24,33,-,-,-,-,-,-,-,-,-,-
"합계",중구,황학동,139,118,95,115,124,114,107,111,123,104,80,77
"합계",중구,중림동,68,100,78,64,71,74,84,106,92,76,70,52
"합계",중구,신당동,-,-,225,183,82,69,80,58,68,63,51,44
"합계",중구,다산동,-,-,45,56,28,56,87,127,88,76,63,46
"합계",중구,약수동,-,-,41,20,31,39,91,82,53,47,65,56
"합계",중구,청구동,-,-,35,22,27,40,85,74,61,63,76,65
"합계",중구,동화동,-,-,13,12,17,14,47,31,36,32,23,31
"합계",용산구,소계,1866,1895,1795,1560,1515,1366,1357,1400,1303,1175,995,948
"합계",용산구,후암동,128,173,153,132,135,110,110,108,95,87,71,65
"합계",용산구,용산2가동,91,91,85,73,64,70,65,65,61,50,60,31
"합계",용산구,남영동,54,53,58,55,64,38,49,38,33,36,26,21
"합계",용산구,원효로2동,100,124,110,78,90,84,87,86,72,70,65,56
"합계",용산구,효창동,99,91,79,62,73,68,68,67,74,63,50,56
"합계",용산구,용문동,127,109,104,88,69,82,68,75,82,64,50,56
"합계",용산구,이촌1동,196,203,180,185,159,142,140,130,126,94,79,65
"합계",용산구,이촌2동,40,62,65,34,53,40,44,58,52,45,35,40
"합계",용산구,이태원1동,74,78,68,78,62,78,49,32,37,36,33,19
"합계",용산구,이태원2동,41,43,60,27,41,19,52,55,41,43,35,42
"합계",용산구,서빙고동,72,62,58,51,58,53,43,57,45,36,31,30
"합계",용산구,보광동,106,90,116,98,111,78,69,66,58,54,54,47
"합계",용산구,청파동,200,198,171,156,128,117,106,119,114,108,79,101
"합계",용산구,원효로1동,160,143,131,143,135,149,139,159,158,131,98,128
"합계",용산구,한강로동,157,165,167,118,124,97,125,151,121,137,126,104
"합계",용산구,한남동,221,210,190,182,149,141,143,134,134,121,103,87
"합계",성동구,소계,2307,2425,2432,2125,2083,1944,2096,2000,1758,1573,1272,1179
"합계",성동구,왕십리2동,122,92,74,83,113,108,174,124,105,110,73,71
"합계",성동구,마장동,200,170,168,158,152,137,122,137,133,109,96,98
"합계",성동구,사근동,66,74,59,70,85,119,127,81,50,72,43,46
"합계",성동구,행당1동,197,191,141,98,97,78,57,90,99,75,51,61
"합계",성동구,행당2동,155,142,191,186,154,84,105,170,153,129,123,100
"합계",성동구,응봉동,136,117,120,99,102,110,103,83,62,63,44,48
"합계",성동구,금호1가동,119,125,110,92,83,59,66,129,85,68,64,48
"합계",성동구,금호4가동,148,160,148,127,109,92,114,110,96,85,58,53
"합계",성동구,성수1가1동,226,222,178,123,167,165,160,137,106,113,83,75
"합계",성동구,성수1가2동,109,105,161,173,132,76,85,101,104,80,46,45
"합계",성동구,성수2가1동,153,175,140,105,155,149,151,117,92,82,78,57
"합계",성동구,성수2가3동,83,75,112,90,91,49,66,97,57,54,48,52
"합계",성동구,송정동,73,80,55,77,85,74,72,54,49,52,48,43
"합계",성동구,용답동,111,108,122,102,112,94,98,73,61,39,48,38
"합계",성동구,왕십리도선동,77,113,109,121,119,115,169,155,144,133,110,112
"합계",성동구,금호2.3가동,139,280,226,199,162,233,176,153,135,145,121,94
"합계",성동구,옥수동,193,196,318,222,165,202,251,189,227,164,138,138
"합계",광진구,소계,2766,2798,2685,2589,2576,2285,2082,2164,1893,1661,1399,1317
"합계",광진구,화양동,156,172,185,147,149,114,108,96,135,108,94,90
"합계",광진구,군자동,181,171,176,163,159,136,121,137,127,92,93,90
"합계",광진구,중곡1동,346,276,218,253,225,181,208,177,137,145,102,96
"합계",광진구,중곡2동,118,169,151,207,200,185,132,143,126,119,95,84
"합계",광진구,중곡3동,104,96,120,117,141,115,101,113,97,82,74,57
"합계",광진구,중곡4동,147,184,207,138,143,161,164,172,135,117,105,83
"합계",광진구,능동,106,128,136,120,149,133,116,128,103,83,66,65
"합계",광진구,구의1동,355,298,282,269,216,232,204,200,163,138,125,119
"합계",광진구,구의2동,112,152,154,193,163,129,108,117,133,103,94,81
"합계",광진구,구의3동,141,185,183,141,201,150,146,195,146,127,117,114
"합계",광진구,광장동,142,142,141,166,127,108,111,109,113,85,78,65
"합계",광진구,자양1동,394,364,249,263,223,217,186,178,148,126,102,101
"합계",광진구,자양2동,153,167,192,204,197,168,140,149,116,112,89,97
"합계",광진구,자양3동,195,173,179,118,165,148,130,145,120,133,99,86
"합계",광진구,자양4동,116,121,112,90,118,108,107,105,94,91,66,89
"합계",동대문구,소계,2344,2302,2327,2123,2159,1796,1657,1747,1613,1524,1228,1201
"합계",동대문구,회기동,94,94,87,90,90,68,39,56,40,42,34,31
"합계",동대문구,휘경1동,141,158,151,178,146,96,74,65,66,65,46,57
"합계",동대문구,휘경2동,156,118,133,63,77,90,78,90,82,79,59,62
"합계",동대문구,청량리동,128,146,118,113,109,91,89,80,80,81,49,46
"합계",동대문구,용신동,262,243,214,228,227,207,201,219,194,165,172,151
"합계",동대문구,제기동,173,192,192,131,150,135,120,114,107,113,79,81
"합계",동대문구,전농1동,154,163,240,229,228,155,147,161,163,128,139,108
"합계",동대문구,전농2동,103,85,119,70,68,57,73,86,60,65,41,50
"합계",동대문구,답십리1동,174,188,179,256,191,146,134,186,165,149,138,135
"합계",동대문구,답십리2동,159,134,153,80,193,164,151,139,179,164,113,104
"합계",동대문구,장안1동,337,328,296,328,309,240,247,236,212,222,163,143
"합계",동대문구,장안2동,127,130,168,81,107,119,110,126,128,136,100,117
"합계",동대문구,이문1동,233,217,200,222,178,165,118,120,76,62,44,55
"합계",동대문구,이문2동,103,106,77,54,86,63,76,69,61,53,51,61
"합계",중랑구,소계,2789,2881,2813,2769,2716,2591,2302,2253,2031,1850,1618,1723
"합계",중랑구,면목2동,550,506,341,301,259,245,275,107,108,96,159,132
"합계",중랑구,면목4동,125,111,146,163,212,170,233,87,67,55,70,63
"합계",중랑구,면목5동,76,74,81,102,108,68,108,35,40,45,58,71
"합계",중랑구,면목7동,113,122,113,135,110,69,61,83,80,104,86,84
"합계",중랑구,상봉1동,180,218,196,168,183,180,167,211,175,172,122,96
"합계",중랑구,상봉2동,75,80,127,130,123,107,96,124,104,133,160,164
"합계",중랑구,중화1동,266,277,208,208,193,213,200,197,181,141,98,87
"합계",중랑구,중화2동,117,112,127,119,146,126,122,108,97,85,95,116
"합계",중랑구,묵1동,317,309,316,250,249,259,233,235,196,191,122,136
"합계",중랑구,묵2동,78,72,102,135,146,124,116,81,94,60,76,85
"합계",중랑구,망우3동,165,195,167,171,120,139,171,64,75,62,60,50
"합계",중랑구,신내1동,241,220,219,183,205,186,146,153,141,141,95,111
"합계",중랑구,신내2동,67,83,113,142,174,130,98,99,100,96,74,80
"합계",중랑구,면목본동,168,229,246,237,175,257,118,351,310,242,140,186
"합계",중랑구,면목3.8동,87,113,122,146,117,123,61,137,100,89,80,92
"합계",중랑구,망우본동,164,160,189,179,196,195,97,181,163,138,123,170
"합계",성북구,소계,3109,2933,2809,2415,2379,2131,1917,1919,1880,1672,1471,1429
"합계",성북구,돈암1동,204,195,205,161,206,174,152,87,70,79,52,53
"합계",성북구,돈암2동,48,23,29,13,25,22,20,77,98,74,68,70
"합계",성북구,안암동,117,115,118,106,91,81,84,90,67,72,48,51
"합계",성북구,보문동,126,114,90,86,88,97,156,113,110,76,60,65
"합계",성북구,정릉1동,308,473,432,425,374,320,297,98,101,75,65,60
"합계",성북구,정릉2동,87,27,36,23,37,42,35,87,94,90,78,76
"합계",성북구,정릉3동,71,33,39,17,20,40,26,65,71,67,69,72
"합계",성북구,정릉4동,100,39,33,27,32,32,33,107,94,92,72,70
"합계",성북구,길음1동,352,303,288,243,223,178,133,137,117,112,85,77
"합계",성북구,길음2동,74,64,49,142,170,147,120,50,101,73,61,77
"합계",성북구,월곡1동,227,219,200,65,48,28,44,126,91,73,74,72
"합계",성북구,월곡2동,115,79,95,81,71,81,65,86,85,86,72,73
"합계",성북구,장위1동,238,284,251,205,195,168,136,89,90,68,83,96
"합계",성북구,장위2동,71,30,42,41,29,38,20,52,64,60,65,56
"합계",성북구,장위3동,57,32,34,31,21,11,21,41,57,76,55,47
"합계",성북구,성북동,124,119,116,103,74,95,78,115,74,72,71,76
"합계",성북구,삼선동,166,191,186,134,172,141,124,120,109,91,78,70
"합계",성북구,동선동,114,98,103,108,110,98,80,74,73,66,56,45
"합계",성북구,종암동,271,237,254,209,203,186,155,167,134,133,115,98
"합계",성북구,석관동,239,258,209,195,190,152,138,138,180,137,144,125
"합계",강북구,소계,2122,2207,1975,1819,1715,1500,1436,1344,1260,1041,891,838
"합계",강북구,번1동,190,190,204,160,172,137,118,113,109,91,69,44
"합계",강북구,번2동,93,102,108,77,79,68,57,59,46,42,45,34
"합계",강북구,번3동,103,92,74,70,80,50,46,58,43,36,45,47
"합계",강북구,수유1동,230,237,191,206,184,150,169,118,133,107,66,66
"합계",강북구,수유2동,130,140,114,142,110,110,107,117,72,53,55,55
"합계",강북구,수유3동,161,165,160,141,144,134,140,126,103,75,87,97
"합계",강북구,삼양동,148,241,195,201,201,190,161,117,113,88,80,64
"합계",강북구,미아동,451,367,273,227,239,186,159,105,90,78,64,64
"합계",강북구,송중동,130,156,128,107,115,87,84,92,131,116,94,87
"합계",강북구,송천동,128,134,126,125,88,109,104,111,101,78,61,73
"합계",강북구,삼각산동,108,135,134,110,92,77,88,107,94,97,60,60
"합계",강북구,우이동,95,112,122,103,97,94,86,96,96,72,79,70
"합계",강북구,인수동,155,136,146,150,114,108,117,125,129,108,86,77
"합계",도봉구,소계,2127,2117,2062,1791,1810,1636,1543,1471,1316,1187,963,940
"합계",도봉구,쌍문1동,219,159,135,125,269,141,130,153,96,89,65,52
"합계",도봉구,쌍문2동,93,117,149,132,103,112,90,85,85,75,64,54
"합계",도봉구,쌍문3동,83,77,113,84,57,76,73,72,63,53,56,50
"합계",도봉구,쌍문4동,64,84,83,51,26,38,48,56,60,53,48,48
"합계",도봉구,방학1동,278,226,199,169,237,116,141,145,101,112,76,74
"합계",도봉구,방학2동,89,137,113,122,86,127,78,67,74,52,62,46
"합계",도봉구,방학3동,85,81,95,90,39,68,99,71,78,61,75,64
"합계",도봉구,창1동,390,315,283,247,240,211,216,196,163,137,72,94
"합계",도봉구,창2동,169,181,185,188,243,187,150,135,134,121,101,106
"합계",도봉구,창3동,81,85,89,92,123,132,80,51,51,45,40,45
"합계",도봉구,창4동,122,180,138,125,81,105,110,96,105,107,80,59
"합계",도봉구,창5동,114,154,171,117,43,54,86,115,119,106,90,93
"합계",도봉구,도봉1동,226,193,164,143,195,172,116,105,86,87,53,56
"합계",도봉구,도봉2동,114,128,145,106,68,97,126,124,101,89,81,99
"합계",노원구,소계,3720,3638,3432,3176,3146,2778,2420,2240,2138,1961,1765,1748
"합계",노원구,월계1동,253,220,200,166,130,226,152,90,106,75,62,78
"합계",노원구,월계2동,189,142,166,206,202,118,86,86,98,102,79,69
"합계",노원구,월계3동,234,271,249,157,167,124,172,193,157,150,126,129
"합계",노원구,공릉2동,329,319,264,210,162,279,243,177,171,166,129,155
"합계",노원구,하계1동,132,141,121,132,69,163,111,76,63,69,67,54
"합계",노원구,하계2동,107,112,95,110,165,51,84,100,69,66,63,74
"합계",노원구,중계본동,98,111,98,108,84,102,69,49,69,39,29,27
"합계",노원구,중계1동,77,69,66,146,179,76,47,38,35,31,28,23
"합계",노원구,중계4동,140,130,119,166,317,256,142,58,67,76,50,42
"합계",노원구,상계1동,426,347,386,486,575,190,187,147,140,131,121,107
"합계",노원구,상계2동,127,113,105,133,377,155,69,73,64,59,47,45
"합계",노원구,상계5동,161,138,134,101,81,159,83,83,58,81,65,65
"합계",노원구,상계8동,288,266,261,189,85,183,204,226,225,212,286,240
"합계",노원구,상계9동,137,156,151,81,39,105,86,101,80,76,77,72
"합계",노원구,상계10동,152,178,162,121,35,63,119,140,107,100,89,87
"합계",노원구,상계3.4동,160,189,148,106,33,64,82,94,110,89,69,59
"합계",노원구,상계6.7동,267,240,222,152,37,179,162,175,179,155,145,153
"합계",노원구,중계2.3동,219,212,214,113,59,96,154,134,168,131,126,139
"합계",노원구,공릉1동,224,284,271,293,350,189,168,200,172,153,107,130
"합계",은평구,소계,3205,3232,3277,2916,2812,2573,2331,2364,2178,2061,1590,1585
"합계",은평구,녹번동,260,232,253,192,201,213,173,197,241,218,162,141
"합계",은평구,불광1동,487,390,404,346,359,369,308,220,195,210,125,143
"합계",은평구,갈현1동,303,271,271,226,235,270,247,165,127,110,81,53
"합계",은평구,갈현2동,46,78,72,132,63,43,38,106,123,78,88,93
"합계",은평구,구산동,183,191,182,161,161,147,161,138,120,97,94,89
"합계",은평구,대조동,215,220,250,214,259,229,192,168,154,156,124,109
"합계",은평구,응암1동,407,452,460,361,355,283,294,216,151,203,141,164
"합계",은평구,응암2동,36,91,63,71,51,31,25,80,107,121,92,88
"합계",은평구,신사1동,265,271,301,260,247,246,205,155,151,111,90,93
"합계",은평구,신사2동,39,65,40,47,38,26,29,99,68,72,60,50
"합계",은평구,증산동,132,136,145,119,96,113,68,82,70,58,42,68
"합계",은평구,수색동,124,115,124,96,109,73,70,41,44,52,52,64
"합계",은평구,진관동,250,179,171,172,195,166,193,213,191,165,122,126
"합계",은평구,불광2동,57,116,97,116,80,47,45,135,108,107,82,98
"합계",은평구,응암3동,48,96,60,84,37,35,29,99,117,104,81,87
"합계",은평구,역촌동,353,329,384,319,326,282,254,250,211,199,154,119
"합계",서대문구,소계,2025,2007,1974,1732,1722,1660,1546,1393,1440,1260,1042,1051
"합계",서대문구,천연동,143,154,108,120,133,98,88,112,108,82,83,63
"합계",서대문구,홍제1동,272,301,289,250,189,177,134,107,140,128,72,91
"합계",서대문구,홍제3동,82,86,59,89,83,81,62,64,62,56,44,50
"합계",서대문구,홍제2동,57,54,49,50,66,74,49,54,69,57,53,53
"합계",서대문구,홍은1동,238,222,241,149,149,114,94,93,97,83,69,73
"합계",서대문구,홍은2동,113,81,72,80,104,113,124,120,104,98,94,87
"합계",서대문구,남가좌1동,127,105,105,61,69,161,75,81,75,63,31,35
"합계",서대문구,남가좌2동,99,86,83,92,87,89,81,113,116,136,97,104
"합계",서대문구,북가좌1동,179,218,257,196,197,146,115,82,79,73,41,42
"합계",서대문구,북가좌2동,114,106,119,142,148,129,140,118,130,120,96,113
"합계",서대문구,충현동,73,76,70,82,99,78,106,83,75,64,84,89
"합계",서대문구,북아현동,130,100,107,82,72,110,148,80,91,82,59,66
"합계",서대문구,신촌동,134,139,148,136,122,114,109,100,94,82,82,76
"합계",서대문구,연희동,264,279,267,203,204,176,221,186,200,136,137,109
"합계",마포구,소계,3147,3031,2986,2827,3205,2588,2294,2229,2029,1929,1578,1520
"합계",마포구,용강동,161,137,147,208,261,190,158,149,112,106,90,91
"합계",마포구,대흥동,122,126,104,108,111,69,52,64,45,81,75,66
"합계",마포구,염리동,120,99,99,86,101,120,72,52,92,61,69,74
"합계",마포구,신수동,194,155,164,137,139,150,127,115,137,127,96,75
"합계",마포구,서교동,244,258,224,233,196,207,152,174,134,138,112,103
"합계",마포구,합정동,209,244,203,208,211,171,154,150,133,104,93,90
"합계",마포구,망원1동,249,215,207,216,206,153,145,131,141,117,87,68
"합계",마포구,망원2동,154,131,144,119,119,117,115,101,79,107,72,85
"합계",마포구,연남동,147,150,185,136,154,132,107,109,89,83,80,58
"합계",마포구,성산1동,199,193,174,164,177,148,140,121,100,103,83,79
"합계",마포구,성산2동,279,271,271,255,309,245,234,257,222,228,146,194
"합계",마포구,상암동,190,187,152,161,155,149,123,120,102,101,81,68
"합계",마포구,도화동,203,215,193,150,173,143,122,153,105,110,110,91
"합계",마포구,서강동,202,179,190,165,181,133,129,108,96,99,78,74
"합계",마포구,공덕동,347,342,390,333,402,287,285,223,231,193,158,166
"합계",마포구,아현동,127,129,139,148,310,174,179,202,211,171,148,138
"합계",양천구,소계,2777,2679,2644,2490,2516,2258,2021,1957,1705,1637,1359,1339
"합계",양천구,목1동,197,235,240,255,301,173,132,153,111,110,84,57
"합계",양천구,목2동,237,244,225,192,236,262,224,208,195,171,144,164
"합계",양천구,목3동,107,123,151,141,138,153,158,166,138,108,107,118
"합계",양천구,목4동,114,121,112,106,88,100,89,87,65,80,60,74
"합계",양천구,신월1동,214,227,238,244,232,164,138,156,131,116,94,79
"합계",양천구,신월2동,115,112,107,138,141,130,116,95,85,77,69,49
"합계",양천구,신월3동,96,100,106,88,80,106,76,72,73,42,52,41
"합계",양천구,신월4동,121,84,114,120,88,92,66,56,73,86,42,52
"합계",양천구,신월5동,87,76,68,53,47,73,75,79,73,64,50,63
"합계",양천구,신월6동,77,53,56,46,42,33,19,24,17,104,73,57
"합계",양천구,신월7동,183,168,133,122,121,108,112,91,77,85,70,64
"합계",양천구,신정1동,140,174,173,141,179,111,85,74,62,66,35,35
"합계",양천구,신정2동,89,75,75,79,70,60,52,42,43,33,29,31
"합계",양천구,신정3동,297,280,279,270,253,223,197,169,175,173,151,164
"합계",양천구,신정6동,108,105,106,88,85,93,72,75,64,47,62,43
"합계",양천구,신정7동,136,139,137,107,115,86,112,108,85,71,73,65
"합계",양천구,목5동,115,96,90,91,82,80,88,93,70,66,52,48
"합계",양천구,신정4동,344,267,234,209,218,211,210,209,168,138,112,135
"합계",강서구,소계,4276,4432,4331,4338,4578,4111,4069,3835,3589,3233,2669,2614
"합계",강서구,염창동,270,286,285,261,287,271,228,167,200,188,198,201
"합계",강서구,등촌1동,312,402,383,457,499,249,284,315,281,301,210,216
"합계",강서구,등촌2동,83,91,87,88,110,181,130,96,104,115,78,86
"합계",강서구,등촌3동,159,185,166,100,93,177,228,174,173,173,137,142
"합계",강서구,화곡본동,360,446,758,1080,384,401,345,165,197,139,119,137
"합계",강서구,화곡2동,185,133,167,162,103,149,138,94,88,56,60,59
"합계",강서구,화곡3동,116,132,124,102,111,186,131,83,100,75,53,71
"합계",강서구,화곡4동,134,120,113,88,99,209,140,98,100,76,54,73
"합계",강서구,화곡6동,163,138,116,88,85,146,153,103,109,91,79,104
"합계",강서구,화곡8동,179,187,155,115,98,161,171,136,154,99,84,75
"합계",강서구,가양1동,304,324,332,466,389,230,282,345,318,301,232,211
"합계",강서구,가양2동,100,86,86,62,75,151,114,88,76,89,67,58
"합계",강서구,가양3동,124,137,106,75,73,115,167,230,205,185,139,94
"합계",강서구,발산1동,185,217,184,215,229,182,180,139,125,125,92,85
"합계",강서구,공항동,199,226,192,182,163,171,212,191,196,167,138,124
"합계",강서구,방화1동,313,303,348,399,425,241,238,261,213,195,150,147
"합계",강서구,방화2동,145,122,111,92,117,202,139,99,107,102,104,101
"합계",강서구,방화3동,174,143,101,77,68,126,158,148,122,137,98,125
"합계",강서구,화곡1동,645,642,441,178,1078,414,478,358,333,306,476,406
"합계",강서구,우장산동,126,112,76,51,92,149,153,545,388,313,101,99
"합계",구로구,소계,3470,3610,3357,3156,3045,2674,2460,2286,2063,2063,1671,1562
"합계",구로구,신도림동,358,393,327,301,334,266,232,204,198,224,168,181
"합계",구로구,구로1동,396,415,352,358,337,273,259,186,195,253,173,160
"합계",구로구,구로3동,353,345,373,248,239,214,193,184,160,136,122,77
"합계",구로구,구로4동,256,261,236,249,244,192,154,134,98,104,88,70
"합계",구로구,구로5동,237,280,280,255,256,222,221,176,188,168,144,140
"합계",구로구,고척1동,184,181,194,170,146,141,122,117,92,79,68,85
"합계",구로구,고척2동,113,136,150,101,121,110,124,102,101,76,48,68
"합계",구로구,개봉2동,323,274,252,278,236,228,222,187,156,159,101,100
"합계",구로구,개봉3동,139,140,118,115,130,107,93,108,96,62,56,56
"합계",구로구,오류1동,210,181,197,208,225,202,152,178,155,162,130,114
"합계",구로구,오류2동,189,262,208,247,199,198,206,206,190,191,115,96
"합계",구로구,수궁동,236,204,189,191,166,148,142,153,120,116,103,84
"합계",구로구,가리봉동,100,113,68,80,66,51,56,62,54,46,45,42
"합계",구로구,구로2동,196,221,207,176,155,163,138,125,100,103,100,82
"합계",구로구,개봉1동,180,204,206,179,191,159,146,164,160,174,148,147
"합계",구로구,항동,-,-,-,-,-,-,-,-,-,10,62,60
"합계",금천구,소계,1662,1689,1594,1556,1481,1324,1439,1269,1243,1285,1061,1149
"합계",금천구,가산동,189,186,198,167,205,187,176,161,171,206,167,176
"합계",금천구,독산1동,323,329,333,405,219,239,328,290,324,318,284,339
"합계",금천구,독산2동,144,126,138,181,184,113,85,95,94,83,76,73
"합계",금천구,독산3동,149,151,146,83,190,118,147,157,141,129,95,126
"합계",금천구,독산4동,102,92,89,33,53,79,88,83,65,76,55,60
"합계",금천구,시흥1동,317,331,304,341,147,272,255,192,179,192,134,138
"합계",금천구,시흥2동,128,138,110,187,179,93,88,67,72,74,64,55
"합계",금천구,시흥3동,78,81,81,87,170,52,62,46,49,44,35,32
"합계",금천구,시흥4동,126,123,105,52,104,101,105,84,56,72,76,85
"합계",금천구,시흥5동,106,132,90,20,30,70,105,94,92,91,75,65
"합계",영등포구,소계,3342,3155,3086,2951,2934,2609,2539,2664,2449,2421,2079,1978
"합계",영등포구,여의동,244,246,231,215,205,173,176,143,147,140,108,105
"합계",영등포구,당산1동,188,192,180,160,247,204,172,207,194,202,155,147
"합계",영등포구,당산2동,320,335,332,337,298,299,265,281,250,266,187,203
"합계",영등포구,양평1동,238,211,199,205,241,194,198,236,207,207,159,148
"합계",영등포구,양평2동,247,201,256,207,195,264,220,269,229,237,171,166
"합계",영등포구,신길1동,270,260,227,370,437,246,153,132,146,114,98,94
"합계",영등포구,신길3동,119,92,87,82,36,98,96,79,94,81,52,68
"합계",영등포구,신길4동,63,60,69,31,23,35,43,32,37,36,52,55
"합계",영등포구,신길5동,86,97,97,146,233,102,62,36,32,64,62,42
"합계",영등포구,신길6동,114,126,103,55,52,56,87,138,95,71,102,73
"합계",영등포구,신길7동,92,66,49,30,25,32,90,63,77,89,79,67
"합계",영등포구,대림1동,175,142,108,113,61,83,70,77,70,59,57,54
"합계",영등포구,대림2동,132,119,109,73,53,75,91,72,71,56,42,54
"합계",영등포구,대림3동,221,226,214,117,69,111,122,155,141,109,98,79
"합계",영등포구,영등포본동,38,47,59,112,100,97,101,120,91,101,90,105
"합계",영등포구,영등포동,249,227,235,194,166,136,200,243,261,242,252,225
"합계",영등포구,도림동,228,215,216,240,236,170,131,138,131,137,117,123
"합계",영등포구,문래동,318,293,315,264,257,234,262,243,176,210,198,170
"합계",동작구,소계,3085,3203,3130,2962,2855,2514,2282,2097,2057,1906,1568,1481
"합계",동작구,노량진2동,121,143,117,108,78,86,81,41,37,42,35,28
"합계",동작구,상도1동,477,399,611,580,359,299,258,273,218,217,164,161
"합계",동작구,상도2동,162,253,171,150,178,170,148,99,142,90,93,87
"합계",동작구,상도3동,129,139,130,125,157,156,160,139,138,122,108,104
"합계",동작구,상도4동,145,147,115,118,188,182,182,163,162,129,96,103
"합계",동작구,사당1동,492,478,488,527,367,248,273,253,220,233,149,138
"합계",동작구,사당3동,179,189,144,161,184,142,104,117,112,95,89,77
"합계",동작구,사당4동,98,101,103,74,108,125,97,75,103,80,66,43
"합계",동작구,사당5동,78,84,71,64,108,117,86,78,74,145,103,80
"합계",동작구,대방동,234,240,232,219,212,205,183,186,144,152,139,126
"합계",동작구,신대방1동,226,218,208,188,148,161,114,128,90,100,90,91
"합계",동작구,신대방2동,101,84,96,71,106,86,105,80,90,79,68,88
"합계",동작구,흑석동,227,266,281,222,213,179,135,111,182,130,109,102
"합계",동작구,노량진1동,274,265,184,204,243,186,181,165,177,159,127,126
"합계",동작구,사당2동,142,197,179,151,206,172,175,189,168,133,132,127
"합계",관악구,소계,4372,4457,4183,3949,3859,3537,3205,3090,2802,2529,2110,1981
"합계",관악구,보라매동,362,336,376,372,344,261,232,123,142,115,163,121
"합계",관악구,청림동,185,171,168,176,184,141,126,79,84,79,78,64
"합계",관악구,행운동,265,249,250,231,273,236,231,169,197,147,118,120
"합계",관악구,낙성대동,163,166,184,158,129,136,95,379,184,151,80,66
"합계",관악구,중앙동,119,148,108,98,113,96,97,78,93,75,63,64
"합계",관악구,인헌동,232,259,221,245,218,214,201,150,148,157,106,122
"합계",관악구,남현동,159,175,150,191,201,177,161,155,131,130,119,87
"합계",관악구,서원동,274,248,236,337,358,284,233,131,137,155,217,139
"합계",관악구,신원동,140,146,122,137,178,143,136,99,101,87,67,64
"합계",관악구,서림동,166,177,196,178,222,175,152,127,139,118,115,105
"합계",관악구,신사동,150,166,160,113,138,149,126,97,135,87,84,83
"합계",관악구,신림동,573,577,574,451,244,272,252,147,190,138,126,105
"합계",관악구,난향동,117,102,93,61,62,77,63,50,61,45,34,36
"합계",관악구,조원동,114,116,118,104,115,120,116,105,102,86,64,97
"합계",관악구,대학동,116,148,115,90,117,132,91,100,106,106,101,101
"합계",관악구,은천동,304,291,297,258,240,203,237,165,149,171,127,116
"합계",관악구,성현동,205,220,185,155,170,177,134,120,113,134,79,100
"합계",관악구,청룡동,256,307,210,180,177,136,151,145,176,203,154,155
"합계",관악구,난곡동,153,142,173,196,131,123,143,481,223,190,78,87
"합계",관악구,삼성동,136,130,117,112,86,107,78,59,75,61,55,50
"합계",관악구,미성동,183,183,130,106,159,178,150,131,116,94,82,99
"합계",서초구,소계,3040,3074,2988,2871,2846,2676,2288,2234,2084,1861,1469,1306
"합계",서초구,서초1동,434,419,359,452,394,168,190,216,151,148,118,89
"합계",서초구,서초2동,195,143,176,66,141,202,112,93,106,115,111,95
"합계",서초구,서초3동,153,125,145,166,303,237,188,145,205,203,172,163
"합계",서초구,서초4동,68,63,75,34,38,51,57,96,82,70,56,60
"합계",서초구,잠원동,426,498,392,374,301,289,257,173,155,102,61,51
"합계",서초구,반포본동,212,125,112,96,184,106,88,90,45,38,27,5
"합계",서초구,반포1동,245,267,220,232,154,140,94,108,110,103,97,94
"합계",서초구,반포2동,42,63,72,34,31,75,56,47,40,22,19,22
"합계",서초구,반포3동,12,9,17,50,64,73,49,102,97,71,43,43
"합계",서초구,반포4동,50,65,67,35,49,43,72,60,68,79,64,49
"합계",서초구,방배본동,258,128,157,94,169,173,116,197,88,73,50,48
"합계",서초구,방배1동,206,336,308,421,183,126,140,82,97,79,81,67
"합계",서초구,방배2동,94,122,161,100,97,166,141,102,122,94,77,75
"합계",서초구,방배3동,60,83,91,55,60,108,76,66,105,74,58,41
"합계",서초구,방배4동,82,85,71,74,44,78,106,103,126,100,79,81
"합계",서초구,양재1동,357,442,479,481,431,373,291,303,249,273,167,168
"합계",서초구,양재2동,104,75,61,61,98,167,178,145,161,138,125,90
"합계",서초구,내곡동,42,26,25,46,105,101,77,106,77,79,64,65
"합계",강남구,소계,3657,3721,3591,3560,3380,3032,2677,2519,2338,2046,1680,1666
"합계",강남구,신사동,143,125,102,176,112,87,123,68,69,66,57,39
"합계",강남구,논현1동,384,408,369,347,213,258,240,166,143,148,112,99
"합계",강남구,논현2동,72,38,17,53,157,98,53,116,124,97,87,98
"합계",강남구,삼성1동,264,269,329,256,148,108,169,87,71,53,43,54
"합계",강남구,삼성2동,60,21,20,49,138,124,58,139,158,110,100,84
"합계",강남구,대치1동,205,279,286,201,95,94,141,37,25,21,27,23
"합계",강남구,대치4동,66,27,18,65,116,83,51,110,85,71,53,58
"합계",강남구,역삼1동,481,558,524,492,341,358,382,317,273,240,204,222
"합계",강남구,역삼2동,86,41,42,86,145,163,64,137,122,98,81,85
"합계",강남구,도곡1동,295,294,314,254,211,153,204,128,111,93,68,47
"합계",강남구,도곡2동,54,30,39,48,84,101,51,102,109,60,63,67
"합계",강남구,개포1동,417,534,525,422,256,165,215,79,51,76,12,16
"합계",강남구,개포4동,88,66,41,108,164,118,55,91,85,80,91,86
"합계",강남구,일원본동,180,226,217,274,201,149,199,90,86,73,53,50
"합계",강남구,일원1동,107,59,58,116,162,94,53,55,60,55,65,71
"합계",강남구,일원2동,43,21,24,47,92,109,46,70,82,52,80,-
"합계",강남구,수서동,226,224,210,76,119,136,73,142,132,99,88,70
"합계",강남구,세곡동,40,59,80,148,200,213,236,219,202,210,160,129
"합계",강남구,압구정동,177,163,150,89,125,113,59,103,84,84,59,66
"합계",강남구,청담동,183,224,175,195,165,163,148,141,119,95,65,81
"합계",강남구,대치2동,30,16,20,24,58,55,29,75,63,73,51,54
"합계",강남구,개포2동,56,39,31,34,78,90,28,47,84,92,61,67
"합계",강남구,개포3동,-,-,-,-,-,-,-,-,-,-,-,100
"합계",송파구,소계,4893,4868,4445,4480,4386,4102,3896,3705,3651,3220,2574,2555
"합계",송파구,풍납1동,175,211,214,159,157,163,176,98,82,64,50,48
"합계",송파구,풍납2동,195,172,120,159,157,85,40,106,103,107,95,78
"합계",송파구,거여1동,162,198,210,129,103,108,135,58,58,71,53,48
"합계",송파구,거여2동,176,105,68,138,138,66,24,70,94,78,87,122
"합계",송파구,마천1동,172,161,171,132,119,122,111,80,81,58,40,42
"합계",송파구,마천2동,130,81,56,79,85,54,31,45,70,54,57,56
"합계",송파구,방이1동,140,218,263,134,99,194,234,86,66,73,63,53
"합계",송파구,방이2동,181,146,73,239,197,143,37,153,181,193,161,147
"합계",송파구,오륜동,33,20,8,15,30,12,28,25,31,30,26,27
"합계",송파구,오금동,235,243,220,235,208,196,170,178,175,153,115,136
"합계",송파구,송파1동,280,306,314,271,293,312,275,242,241,203,158,151
"합계",송파구,송파2동,68,83,61,74,94,51,34,68,69,81,52,65
"합계",송파구,석촌동,347,389,302,350,332,334,278,292,267,249,209,179
"합계",송파구,삼전동,358,338,344,341,352,263,278,260,201,202,176,156
"합계",송파구,가락본동,284,358,223,253,293,294,296,228,197,175,122,146
"합계",송파구,가락1동,119,95,167,42,30,36,13,21,269,122,115,91
"합계",송파구,가락2동,167,104,65,147,161,102,58,141,137,127,108,92
"합계",송파구,문정1동,191,243,322,241,201,322,579,328,192,210,90,106
"합계",송파구,문정2동,58,45,57,125,146,202,203,307,295,231,224,191
"합계",송파구,장지동,251,216,125,294,232,147,93,173,191,147,135,134
"합계",송파구,위례동,-,-,-,-,13,37,47,65,85,82,71,105
"합계",송파구,잠실본동,334,495,397,293,285,348,414,233,190,201,131,126
"합계",송파구,잠실4동,319,250,237,233,226,228,210,139,79,64,40,41
"합계",송파구,잠실6동,52,51,67,70,97,58,30,69,54,53,56,45
"합계",송파구,잠실7동,70,52,56,45,62,48,17,27,26,26,18,30
"합계",송파구,잠실2동,223,145,153,147,140,94,38,118,105,86,64,69
"합계",송파구,잠실3동,173,143,152,135,136,83,47,95,112,80,58,71
"합계",강동구,소계,3436,3312,3166,2977,2753,2399,2427,2371,2129,2433,1892,1645
"합계",강동구,강일동,160,137,114,129,124,126,105,98,84,128,84,64
"합계",강동구,상일동,194,176,147,126,65,23,11,33,20,123,-,-
"합계",강동구,명일1동,203,190,191,160,138,109,127,109,149,199,130,112
"합계",강동구,명일2동,47,41,45,45,45,14,22,28,19,25,32,35
"합계",강동구,고덕1동,140,109,121,94,108,78,156,124,100,99,73,44
"합계",강동구,고덕2동,118,89,62,63,26,22,18,25,49,111,71,86
"합계",강동구,암사2동,163,190,131,162,219,301,327,98,95,117,75,67
"합계",강동구,암사3동,108,95,84,70,142,61,29,48,46,51,46,30
"합계",강동구,천호1동,324,310,314,331,343,400,518,347,295,329,197,175
"합계",강동구,천호3동,237,216,186,179,208,107,65,160,137,138,117,114
"합계",강동구,성내1동,223,209,266,214,278,373,398,251,226,204,67,61
"합계",강동구,성내2동,207,213,218,181,188,90,57,136,105,104,99,85
"합계",강동구,성내3동,164,188,142,141,59,39,44,54,73,56,79,51
"합계",강동구,둔촌1동,122,119,145,145,199,161,159,60,50,44,19,19
"합계",강동구,둔촌2동,155,134,127,125,77,33,44,72,77,80,82,60
"합계",강동구,암사1동,230,258,268,235,74,64,42,257,232,195,173,143
"합계",강동구,천호2동,212,221,195,198,105,73,43,186,155,155,234,189
"합계",강동구,길동,429,417,410,379,355,325,262,285,217,275,216,208
"합계",강동구,상일1동,-,-,-,-,-,-,-,-,-,-,87,85
"합계",강동구,상일2동,-,-,-,-,-,-,-,-,-,-,11,17
